Name,Price,Category,Rating
"Fjallraven - Foldsack No. 1 Backpack, Fits 15 Laptops",₹9346,Fashion,3.9
Mens Casual Premium Slim Fit T-Shirts ,₹1896,Fashion,4.1
Mens Cotton Jacket,₹4759,Fashion,4.7
Mens Casual Slim Fit,₹1359,Fashion,2.1
John Hardy Women's Legends Naga Gold & Silver Dragon Station Chain Bracelet,₹59075,Jewelry,4.6
Solid Gold Petite Micropave ,₹14280,Jewelry,3.9
White Gold Plated Princess,₹849,Jewelry,3
Pierced Owl Rose Gold Plated Stainless Steel Double,₹934,Jewelry,1.9
WD 2TB Elements Portable External Hard Drive - USB 3.0 ,₹5440,electronics,3.3
SanDisk SSD PLUS 1TB Internal SSD - SATA III 6 Gb/s,₹9265,electronics,2.9
Silicon Power 256GB SSD 3D NAND A55 SLC Cache Performance Boost SATA III 2.5,₹9265,electronics,4.8
WD 4TB Gaming Drive Works with Playstation 4 Portable External Hard Drive,₹9690,electronics,4.8
Acer SB220Q bi 21.5 inches Full HD (1920 x 1080) IPS Ultra-Thin,₹50915,electronics,2.9
Samsung 49-Inch CHG90 144Hz Curved Gaming Monitor (LC49HG90DMNXZA) – Super Ultrawide Screen QLED ,₹84999,electronics,2.2
BIYLACLESEN Women's 3-in-1 Snowboard Jacket Winter Coats,₹4844,Fashion,2.6
Lock and Love Women's Removable Hooded Faux Leather Moto Biker Jacket,₹2546,Fashion,2.9
Rain Jacket Women Windbreaker Striped Climbing Raincoats,₹3399,Fashion,3.8
MBJ Women's Solid Short Sleeve Boat Neck V ,₹837,Fashion,4.7
Opna Women's Short Sleeve Moisture,₹676,Fashion,4.5
DANVOUY Womens T Shirt Casual Cotton Short,₹1104,Fashion,3.6
